{
  "batter": {
    "n_components": 2,
    "components": [
      [
        0.48552538988858757,
        0.5242689307545012,
        0.5168687787415127,
        0.46221282815749204,
        -0.0,
        0.09280706367500818
      ],
      [
        0.1407537945683718,
        -0.04564374737463808,
        -0.04748053910374467,
        -0.23561114407567346,
        0.0,
        0.9593424856817167
      ]
    ],
    "mean": [
      -7.749576558027082e-17,
      -3.95723058282234e-16,
      9.497353398773617e-16,
      2.0844162479657951e-16,
      0.0,
      -1.5530755999180872e-15
    ],
    "explained_variance": [
      3.2861250836419207,
      1.0331328049605188
    ],
    "explained_variance_ratio": [
      0.6572250167283841,
      0.20662656099210372
    ]
  },
  "pitcher": {
    "n_components": 2,
    "components": [
      [
        0.0,
        -9.466478073042544e-17,
        0.5150606173334645,
        -2.220446049250313e-16,
        0.6222174989902601,
        0.5895404518965394
      ],
      [
        -0.0,
        1.5322067414704417e-18,
        0.8356352874099885,
        -6.661338147750939e-16,
        -0.2113568157965724,
        -0.5069930599639005
      ]
    ],
    "mean": [
      0.0,
      -0.9994386752294098,
      4.415971267420376e-16,
      0.0,
      -4.6601954120068297e-17,
      -5.235866609960614e-16
    ],
    "explained_variance": [
      2.420155074926573,
      0.5089318584278371
    ],
    "explained_variance_ratio": [
      0.806718358308854,
      0.16964395280927827
    ]
  }
}